2025-12-21 19:53:26,fire,0.98,Video Stream
2026-03-20 19:16:07,fire,0.99,Video Stream
2026-03-20 19:16:07,fire,0.99,Video Stream
2026-03-20 19:16:07,fire,0.99,Video Stream
2026-03-20 19:16:07,fire,0.99,Video Stream
2026-03-20 19:16:07,fire,0.99,Video Stream
2026-03-20 19:16:07,fire,0.99,Video Stream
2026-03-20 19:16:07,fire,0.99,Video Stream
2026-03-20 19:16:07,fire,0.99,Video Stream
2026-03-20 19:16:07,fire,0.99,Video Stream
2026-03-20 19:16:07,fire,0.99,Video Stream
2026-03-20 19:16:07,fire,0.99,Video Stream
2026-03-20 19:16:07,fire,0.99,Video Stream
2026-03-20 19:16:07,fire,0.99,Video Stream
2026-03-20 19:16:07,fire,1.00,Video Stream
2026-03-20 19:16:07,fire,1.00,Video Stream
2026-03-20 19:16:07,fire,1.00,Video Stream
2026-03-20 19:16:07,fire,1.00,Video Stream
2026-03-20 19:16:07,fire,1.00,Video Stream
2026-03-20 19:16:07,fire,1.00,Video Stream
2026-03-20 19:16:07,fire,1.00,Video Stream
2026-03-20 19:16:07,fire,1.00,Video Stream
2026-03-20 19:16:07,fire,1.00,Video Stream
2026-03-20 19:16:07,fire,1.00,Video Stream
2026-03-20 19:16:07,fire,1.00,Video Stream
2026-03-20 19:16:07,fire,1.00,Video Stream
2026-03-20 19:16:07,fire,1.00,Video Stream
2026-03-20 19:16:07,fire,1.00,Video Stream
2026-03-20 19:16:08,fire,1.00,Video Stream
2026-03-20 19:16:08,fire,1.00,Video Stream
2026-03-20 19:16:08,fire,1.00,Video Stream
2026-03-20 19:16:08,fire,1.00,Video Stream
2026-03-20 19:16:08,fire,1.00,Video Stream
2026-03-20 19:16:08,fire,1.00,Video Stream
2026-03-20 19:16:08,fire,1.00,Video Stream
2026-03-20 19:16:08,fire,1.00,Video Stream
2026-03-20 19:16:08,fire,1.00,Video Stream
2026-03-20 19:16:08,fire,1.00,Video Stream
2026-03-20 19:16:08,fire,1.00,Video Stream
2026-03-20 19:16:08,fire,1.00,Video Stream
2026-03-20 19:16:08,fire,1.00,Video Stream
2026-03-20 19:16:08,fire,1.00,Video Stream
2026-03-20 19:16:08,fire,1.00,Video Stream
2026-03-20 19:16:08,fire,1.00,Video Stream
2026-03-20 19:16:08,fire,1.00,Video Stream
2026-03-20 19:16:08,fire,1.00,Video Stream
2026-03-20 19:16:08,fire,1.00,Video Stream
2026-03-20 19:16:08,fire,1.00,Video Stream
2026-03-20 19:16:08,fire,1.00,Video Stream
2026-03-20 19:16:08,fire,1.00,Video Stream
2026-03-20 19:16:08,fire,1.00,Video Stream
2026-03-20 19:16:08,fire,1.00,Video Stream
2026-03-20 19:16:08,fire,1.00,Video Stream
2026-03-20 19:16:08,fire,1.00,Video Stream
2026-03-20 19:16:08,fire,1.00,Video Stream
2026-03-20 19:16:08,fire,1.00,Video Stream
2026-03-20 19:16:08,fire,1.00,Video Stream
2026-03-20 19:16:08,fire,1.00,Video Stream
2026-03-20 19:16:08,fire,1.00,Video Stream
2026-03-20 19:16:08,fire,1.00,Video Stream
2026-03-20 19:16:08,fire,1.00,Video Stream
2026-03-20 19:16:08,fire,1.00,Video Stream
2026-03-20 19:16:08,fire,1.00,Video Stream
2026-03-20 19:16:08,fire,1.00,Video Stream
2026-03-20 19:16:09,fire,1.00,Video Stream
2026-03-20 19:16:09,fire,1.00,Video Stream
2026-03-20 19:20:26,fire,0.90,Video Stream
2026-03-20 19:20:26,fire,0.90,Video Stream
2026-03-20 19:20:26,fire,0.90,Video Stream
2026-03-20 19:20:26,fire,0.90,Video Stream
2026-03-20 19:20:26,fire,0.90,Video Stream
2026-03-20 19:20:26,fire,0.90,Video Stream
2026-03-20 19:20:26,fire,0.90,Video Stream
2026-03-20 19:20:26,fire,0.90,Video Stream
2026-03-20 19:20:26,fire,0.90,Video Stream
2026-03-20 19:20:26,fire,0.90,Video Stream
2026-03-20 19:20:26,fire,0.90,Video Stream
2026-03-20 19:20:26,fire,0.90,Video Stream
2026-03-20 19:20:26,fire,0.90,Video Stream
2026-03-20 19:20:26,fire,0.90,Video Stream
2026-03-20 19:20:26,fire,0.90,Video Stream
2026-03-20 19:20:26,fire,0.90,Video Stream
2026-03-20 19:20:26,fire,0.90,Video Stream
2026-03-20 19:20:26,fire,0.90,Video Stream
2026-03-20 19:20:26,fire,0.90,Video Stream
2026-03-20 19:20:26,fire,0.90,Video Stream
2026-03-20 19:20:26,fire,0.90,Video Stream
2026-03-20 19:20:26,fire,0.90,Video Stream
2026-03-20 19:20:26,fire,0.90,Video Stream
2026-03-20 19:20:26,fire,0.90,Video Stream
2026-03-20 19:20:26,fire,0.90,Video Stream
2026-03-20 19:20:26,fire,0.90,Video Stream
2026-03-20 19:20:26,fire,0.90,Video Stream
2026-03-20 19:20:26,fire,0.90,Video Stream
2026-03-20 19:20:26,fire,0.90,Video Stream
2026-03-20 19:20:26,fire,0.90,Video Stream
2026-03-20 19:20:26,fire,0.90,Video Stream
2026-03-20 19:20:27,fire,0.90,Video Stream
2026-03-20 19:20:27,fire,0.90,Video Stream
2026-03-20 19:20:27,fire,0.90,Video Stream
2026-03-20 19:20:27,fire,0.90,Video Stream
2026-03-20 19:20:27,fire,0.90,Video Stream
2026-03-20 19:20:27,fire,0.90,Video Stream
2026-03-20 19:20:27,fire,0.90,Video Stream
2026-03-20 19:20:27,fire,0.90,Video Stream
2026-03-20 19:20:27,fire,0.90,Video Stream
2026-03-20 19:20:27,fire,0.90,Video Stream
2026-03-20 19:20:27,fire,0.90,Video Stream
2026-03-20 19:20:27,fire,0.90,Video Stream
2026-03-20 19:20:27,fire,0.90,Video Stream
2026-03-20 19:20:27,fire,0.90,Video Stream
2026-03-20 19:20:27,fire,0.90,Video Stream
2026-03-20 19:20:27,fire,0.90,Video Stream
2026-03-20 19:20:27,fire,0.90,Video Stream
2026-03-20 19:20:27,fire,0.90,Video Stream
2026-03-20 19:20:27,fire,0.90,Video Stream
2026-03-20 19:20:27,fire,0.90,Video Stream
2026-03-20 19:20:27,fire,0.90,Video Stream
2026-03-20 19:20:27,fire,0.90,Video Stream
2026-03-20 19:20:27,fire,0.90,Video Stream
2026-03-20 19:20:27,fire,0.90,Video Stream
2026-03-20 19:20:27,fire,0.90,Video Stream
2026-03-20 19:20:27,fire,0.90,Video Stream
2026-03-20 19:20:28,fire,0.90,Video Stream
2026-03-20 19:20:28,fire,0.90,Video Stream
2026-03-20 19:20:28,fire,0.90,Video Stream
2026-03-20 19:20:28,fire,0.90,Video Stream
2026-03-20 19:20:28,fire,0.90,Video Stream
2026-03-20 19:20:28,fire,0.90,Video Stream
2026-03-20 19:20:28,fire,0.90,Video Stream
2026-03-20 19:20:28,fire,0.90,Video Stream
2026-03-20 19:20:28,fire,0.90,Video Stream
2026-03-22 17:12:42,fire,0.90,Video Stream
2026-03-22 17:12:42,fire,0.90,Video Stream
2026-03-22 17:12:42,fire,0.90,Video Stream
2026-03-22 17:12:42,fire,0.90,Video Stream
2026-03-22 17:12:42,fire,0.90,Video Stream
2026-03-22 17:12:42,fire,0.90,Video Stream
2026-03-22 17:12:42,fire,0.90,Video Stream
2026-03-22 17:12:42,fire,0.90,Video Stream
2026-03-22 17:12:42,fire,0.90,Video Stream
2026-03-22 17:12:42,fire,0.90,Video Stream
2026-03-22 17:12:42,fire,0.90,Video Stream
2026-03-22 17:12:42,fire,0.90,Video Stream
2026-03-22 17:12:42,fire,0.90,Video Stream
2026-03-22 17:12:42,fire,0.90,Video Stream
2026-03-22 17:12:42,fire,0.90,Video Stream
2026-03-22 17:12:42,fire,0.90,Video Stream
2026-03-22 17:12:42,fire,0.90,Video Stream
2026-03-22 17:12:42,fire,0.90,Video Stream
2026-03-22 17:12:42,fire,0.90,Video Stream
2026-03-22 17:12:43,fire,0.90,Video Stream
2026-03-22 17:12:43,fire,0.90,Video Stream
2026-03-22 17:12:43,fire,0.90,Video Stream
2026-03-22 17:12:43,fire,0.90,Video Stream
2026-03-22 17:12:43,fire,0.90,Video Stream
2026-03-22 17:12:43,fire,0.90,Video Stream
2026-03-22 17:12:43,fire,0.90,Video Stream
2026-03-22 17:12:43,fire,0.90,Video Stream
2026-03-22 17:12:43,fire,0.90,Video Stream
2026-03-22 17:12:43,fire,0.90,Video Stream
2026-03-22 17:12:43,fire,0.90,Video Stream
2026-03-22 17:12:43,fire,0.90,Video Stream
2026-03-22 17:12:43,fire,0.90,Video Stream
2026-03-22 17:12:43,fire,0.90,Video Stream
2026-03-22 17:12:43,fire,0.90,Video Stream
2026-03-22 17:12:43,fire,0.90,Video Stream
2026-03-22 17:12:43,fire,0.90,Video Stream
2026-03-22 17:12:43,fire,0.90,Video Stream
2026-03-22 17:12:43,fire,0.90,Video Stream
2026-03-22 17:12:43,fire,0.90,Video Stream
2026-03-22 17:12:43,fire,0.90,Video Stream
2026-03-22 17:12:43,fire,0.90,Video Stream
2026-03-22 17:12:43,fire,0.90,Video Stream
2026-03-22 17:12:43,fire,0.90,Video Stream
2026-03-22 17:12:43,fire,0.90,Video Stream
2026-03-22 17:12:44,fire,0.90,Video Stream
2026-03-22 17:12:44,fire,0.90,Video Stream
2026-03-22 17:12:44,fire,0.90,Video Stream
2026-03-22 17:12:44,fire,0.90,Video Stream
2026-03-22 17:12:44,fire,0.90,Video Stream
2026-03-22 17:12:44,fire,0.90,Video Stream
2026-03-22 17:12:44,fire,0.90,Video Stream
2026-03-22 17:12:44,fire,0.90,Video Stream
2026-03-22 17:12:44,fire,0.90,Video Stream
2026-03-22 17:12:44,fire,0.90,Video Stream
2026-03-22 17:12:44,fire,0.90,Video Stream
2026-03-22 17:12:44,fire,0.90,Video Stream
2026-03-22 17:12:44,fire,0.90,Video Stream
2026-03-22 17:12:44,fire,0.90,Video Stream
2026-03-22 17:12:44,fire,0.90,Video Stream
2026-03-22 17:12:44,fire,0.90,Video Stream
2026-03-22 17:12:44,fire,0.90,Video Stream
2026-03-22 17:12:44,fire,0.90,Video Stream
2026-03-22 17:12:44,fire,0.90,Video Stream
2026-03-22 17:12:44,fire,0.90,Video Stream
2026-03-22 17:12:44,fire,0.90,Video Stream
2026-03-22 17:12:44,fire,0.90,Video Stream
2026-03-22 17:12:44,fire,0.90,Video Stream
2026-03-22 17:12:44,fire,0.90,Video Stream
2026-03-22 17:12:45,fire,0.90,Video Stream
2026-03-22 19:39:33,fire,0.90,Video Stream
2026-03-22 19:48:51,fire,0.90,Video Stream
2026-03-22 19:48:51,fire,0.90,Video Stream
2026-03-22 19:48:51,fire,0.90,Video Stream
2026-03-22 19:48:51,fire,0.90,Video Stream
2026-03-22 19:48:51,fire,0.90,Video Stream
2026-03-22 19:48:51,fire,0.90,Video Stream
2026-03-22 19:48:51,fire,0.90,Video Stream
2026-03-22 19:48:51,fire,0.90,Video Stream
2026-03-22 19:48:51,fire,0.90,Video Stream
2026-03-22 19:48:51,fire,0.90,Video Stream
2026-03-22 19:48:51,fire,0.90,Video Stream
2026-03-22 19:48:51,fire,0.90,Video Stream
2026-03-22 19:48:51,fire,0.90,Video Stream
2026-03-22 19:48:51,fire,0.90,Video Stream
2026-03-22 19:48:51,fire,0.90,Video Stream
2026-03-22 19:48:51,fire,0.90,Video Stream
2026-03-22 19:48:51,fire,0.90,Video Stream
2026-03-22 19:48:52,fire,0.90,Video Stream
2026-03-22 19:48:52,fire,0.90,Video Stream
2026-03-22 19:48:52,fire,0.90,Video Stream
2026-03-22 19:48:52,fire,0.90,Video Stream
2026-03-22 19:48:52,fire,0.90,Video Stream
2026-03-22 19:48:52,fire,0.90,Video Stream
2026-03-22 19:48:52,fire,0.90,Video Stream
2026-03-22 19:48:52,fire,0.90,Video Stream
2026-03-22 19:48:52,fire,0.90,Video Stream
2026-03-22 19:48:52,fire,0.90,Video Stream
2026-03-22 19:48:52,fire,0.90,Video Stream
2026-03-22 19:48:52,fire,0.90,Video Stream
2026-03-22 19:48:52,fire,0.90,Video Stream
2026-03-22 19:48:52,fire,0.90,Video Stream
2026-03-22 19:48:52,fire,0.90,Video Stream
2026-03-22 19:48:52,fire,0.90,Video Stream
2026-03-22 19:48:52,fire,0.90,Video Stream
2026-03-22 19:48:52,fire,0.90,Video Stream
2026-03-22 19:48:52,fire,0.90,Video Stream
2026-03-22 19:48:52,fire,0.90,Video Stream
2026-03-22 19:48:52,fire,0.90,Video Stream
2026-03-22 19:48:52,fire,0.90,Video Stream
2026-03-22 19:48:52,fire,0.90,Video Stream
2026-03-22 19:48:52,fire,0.90,Video Stream
2026-03-22 19:48:53,fire,0.90,Video Stream
2026-03-22 19:48:53,fire,0.90,Video Stream
2026-03-22 19:48:53,fire,0.90,Video Stream
2026-03-22 19:48:53,fire,0.90,Video Stream
2026-03-22 19:48:53,fire,0.90,Video Stream
2026-03-22 19:48:53,fire,0.90,Video Stream
2026-03-22 19:48:53,fire,0.90,Video Stream
2026-03-22 19:48:53,fire,0.90,Video Stream
2026-03-22 19:48:53,fire,0.90,Video Stream
2026-03-22 19:48:53,fire,0.90,Video Stream
2026-03-22 19:48:53,fire,0.90,Video Stream
2026-03-22 19:48:53,fire,0.90,Video Stream
2026-03-22 19:48:53,fire,0.90,Video Stream
2026-03-22 19:48:53,fire,0.90,Video Stream
2026-03-22 19:48:53,fire,0.90,Video Stream
2026-03-22 19:48:53,fire,0.90,Video Stream
2026-03-22 19:48:53,fire,0.90,Video Stream
2026-03-22 19:48:53,fire,0.90,Video Stream
2026-03-22 19:48:53,fire,0.90,Video Stream
2026-03-22 19:48:53,fire,0.90,Video Stream
2026-03-22 19:48:53,fire,0.90,Video Stream
2026-03-22 19:48:53,fire,0.90,Video Stream
2026-03-22 19:48:53,fire,0.90,Video Stream
2026-03-22 19:48:53,fire,0.90,Video Stream
2026-03-22 19:48:54,fire,0.90,Video Stream
2026-03-22 19:48:54,fire,0.90,Video Stream
2026-03-22 19:48:54,fire,0.90,Video Stream
2026-03-22 19:48:54,fire,0.90,Video Stream
2026-03-22 19:48:54,fire,0.90,Video Stream
2026-03-22 19:48:54,fire,0.90,Video Stream
2026-03-22 19:56:53,fire,0.90,Video Stream
2026-03-22 19:56:53,fire,0.90,Video Stream
2026-03-22 19:56:53,fire,0.90,Video Stream
2026-03-22 19:56:53,fire,0.90,Video Stream
2026-03-22 19:56:53,fire,0.90,Video Stream
2026-03-22 19:56:53,fire,0.90,Video Stream
2026-03-22 19:56:53,fire,0.90,Video Stream
2026-03-22 19:56:53,fire,0.90,Video Stream
2026-03-22 19:56:53,fire,0.90,Video Stream
2026-03-22 19:56:53,fire,0.90,Video Stream
2026-03-22 19:56:53,fire,0.90,Video Stream
2026-03-22 19:56:53,fire,0.90,Video Stream
2026-03-22 19:56:53,fire,0.90,Video Stream
2026-03-22 19:56:53,fire,0.90,Video Stream
2026-03-22 19:56:54,fire,0.90,Video Stream
2026-03-22 19:56:54,fire,0.90,Video Stream
2026-03-22 19:56:54,fire,0.90,Video Stream
2026-03-22 19:56:54,fire,0.90,Video Stream
2026-03-22 19:56:54,fire,0.90,Video Stream
2026-03-22 19:56:54,fire,0.90,Video Stream
2026-03-22 19:56:54,fire,0.90,Video Stream
2026-03-22 19:56:54,fire,0.90,Video Stream
2026-03-22 19:56:54,fire,0.90,Video Stream
2026-03-22 19:56:54,fire,0.90,Video Stream
2026-03-22 19:56:54,fire,0.90,Video Stream
2026-03-22 19:56:54,fire,0.90,Video Stream
2026-03-22 19:56:54,fire,0.90,Video Stream
2026-03-22 19:56:54,fire,0.90,Video Stream
2026-03-22 19:56:54,fire,0.90,Video Stream
2026-03-22 19:56:54,fire,0.90,Video Stream
2026-03-22 19:56:54,fire,0.90,Video Stream
2026-03-22 19:56:54,fire,0.90,Video Stream
2026-03-22 19:56:54,fire,0.90,Video Stream
2026-03-22 19:56:54,fire,0.90,Video Stream
2026-03-22 19:56:54,fire,0.90,Video Stream
2026-03-22 19:56:54,fire,0.90,Video Stream
2026-03-22 19:56:54,fire,0.90,Video Stream
2026-03-22 19:56:54,fire,0.90,Video Stream
2026-03-22 19:56:54,fire,0.90,Video Stream
2026-03-22 19:56:54,fire,0.90,Video Stream
2026-03-22 19:56:54,fire,0.90,Video Stream
2026-03-22 19:56:54,fire,0.90,Video Stream
2026-03-22 19:56:54,fire,0.90,Video Stream
2026-03-22 19:56:55,fire,0.90,Video Stream
2026-03-22 19:56:55,fire,0.90,Video Stream
2026-03-22 19:56:55,fire,0.90,Video Stream
2026-03-22 19:56:55,fire,0.90,Video Stream
2026-03-22 19:56:55,fire,0.90,Video Stream
2026-03-22 19:56:55,fire,0.90,Video Stream
2026-03-22 19:56:55,fire,0.90,Video Stream
2026-03-22 19:56:55,fire,0.90,Video Stream
2026-03-22 19:56:55,fire,0.90,Video Stream
2026-03-22 19:56:55,fire,0.90,Video Stream
2026-03-22 19:56:55,fire,0.90,Video Stream
2026-03-22 19:56:55,fire,0.90,Video Stream
2026-03-22 19:56:55,fire,0.90,Video Stream
2026-03-22 19:56:55,fire,0.90,Video Stream
2026-03-22 19:56:55,fire,0.90,Video Stream
2026-03-22 19:56:55,fire,0.90,Video Stream
2026-03-22 19:56:55,fire,0.90,Video Stream
2026-03-22 19:56:55,fire,0.90,Video Stream
2026-03-22 19:57:46,fire,0.90,Video Stream
2026-03-22 19:57:46,fire,0.90,Video Stream
2026-03-22 19:57:47,fire,0.90,Video Stream
2026-03-22 19:57:47,fire,0.90,Video Stream
2026-03-22 19:57:47,fire,0.90,Video Stream
2026-03-22 19:57:47,fire,0.90,Video Stream
2026-03-22 19:57:47,fire,0.90,Video Stream
2026-03-22 19:57:47,fire,0.90,Video Stream
2026-03-22 19:57:47,fire,0.90,Video Stream
2026-03-22 19:57:47,fire,0.90,Video Stream
2026-03-22 19:57:47,fire,0.90,Video Stream
2026-03-22 19:57:47,fire,0.90,Video Stream
2026-03-29 11:59:00,flood,0.73,Video Stream
2026-03-29 11:59:00,flood,0.73,Video Stream
2026-03-29 11:59:00,flood,0.76,Video Stream
2026-03-29 11:59:00,flood,0.75,Video Stream
2026-03-29 11:59:00,flood,0.75,Video Stream
2026-03-29 11:59:00,flood,0.75,Video Stream
2026-03-29 11:59:00,flood,0.73,Video Stream
2026-03-29 11:59:00,flood,0.73,Video Stream
2026-03-29 11:59:00,flood,0.73,Video Stream
2026-03-29 11:59:00,flood,0.73,Video Stream
2026-03-29 11:59:00,flood,0.74,Video Stream
2026-03-29 11:59:00,flood,0.74,Video Stream
2026-03-29 11:59:00,flood,0.75,Video Stream
2026-03-29 11:59:00,flood,0.76,Video Stream
2026-03-29 11:59:00,flood,0.75,Video Stream
2026-03-29 11:59:00,flood,0.75,Video Stream
2026-03-29 11:59:00,flood,0.74,Video Stream
2026-03-29 11:59:00,flood,0.74,Video Stream
2026-03-29 11:59:00,flood,0.76,Video Stream
2026-03-29 11:59:00,flood,0.78,Video Stream
2026-03-29 11:59:00,flood,0.77,Video Stream
2026-03-29 11:59:00,flood,0.77,Video Stream
2026-03-29 11:59:00,flood,0.78,Video Stream
2026-03-29 11:59:01,flood,0.79,Video Stream
2026-03-29 11:59:01,flood,0.79,Video Stream
2026-03-29 11:59:01,flood,0.77,Video Stream
2026-03-29 11:59:01,flood,0.77,Video Stream
2026-03-29 11:59:01,flood,0.76,Video Stream
2026-03-29 11:59:01,flood,0.75,Video Stream
2026-03-29 11:59:01,flood,0.74,Video Stream
2026-03-29 11:59:01,flood,0.73,Video Stream
2026-03-29 11:59:01,flood,0.73,Video Stream
2026-03-29 11:59:01,flood,0.72,Video Stream
2026-03-29 11:59:01,flood,0.72,Video Stream
2026-03-29 11:59:01,flood,0.72,Video Stream
2026-03-29 11:59:01,flood,0.70,Video Stream
2026-03-29 11:59:01,flood,0.72,Video Stream
2026-03-29 11:59:01,flood,0.73,Video Stream
2026-03-29 11:59:01,flood,0.74,Video Stream
2026-03-29 11:59:01,flood,0.75,Video Stream
2026-03-29 11:59:01,flood,0.76,Video Stream
2026-03-29 11:59:01,flood,0.77,Video Stream
2026-03-29 11:59:01,flood,0.78,Video Stream
2026-03-29 11:59:01,flood,0.77,Video Stream
2026-03-29 11:59:01,flood,0.76,Video Stream
2026-03-29 11:59:01,flood,0.78,Video Stream
2026-03-29 11:59:01,flood,0.80,Video Stream
2026-03-29 11:59:01,flood,0.81,Video Stream
2026-03-29 11:59:01,flood,0.80,Video Stream
2026-03-29 11:59:02,flood,0.81,Video Stream
2026-03-29 11:59:02,flood,0.81,Video Stream
2026-03-29 11:59:02,flood,0.81,Video Stream
2026-03-29 11:59:02,flood,0.80,Video Stream
2026-03-29 11:59:02,flood,0.81,Video Stream
2026-03-29 11:59:02,flood,0.83,Video Stream
2026-03-29 11:59:02,flood,0.82,Video Stream
2026-03-29 11:59:02,flood,0.84,Video Stream
2026-03-29 11:59:02,flood,0.83,Video Stream
2026-03-29 11:59:02,flood,0.83,Video Stream
2026-03-29 11:59:02,flood,0.84,Video Stream
2026-03-29 11:59:02,flood,0.85,Video Stream
2026-03-29 11:59:02,flood,0.86,Video Stream
2026-03-29 11:59:02,flood,0.86,Video Stream
2026-03-29 11:59:02,flood,0.85,Video Stream
2026-03-29 11:59:02,flood,0.87,Video Stream
2026-03-29 11:59:02,flood,0.86,Video Stream
2026-03-29 11:59:02,flood,0.87,Video Stream
2026-03-29 11:59:02,flood,0.86,Video Stream
2026-03-29 11:59:02,flood,0.86,Video Stream
2026-03-29 11:59:02,flood,0.86,Video Stream
2026-03-29 11:59:02,flood,0.85,Video Stream
2026-03-29 11:59:02,flood,0.86,Video Stream
2026-03-29 11:59:02,flood,0.85,Video Stream
2026-03-29 11:59:02,flood,0.84,Video Stream
2026-03-29 11:59:02,flood,0.82,Video Stream
2026-03-29 11:59:02,flood,0.81,Video Stream
2026-03-29 11:59:02,flood,0.79,Video Stream
2026-03-29 11:59:02,flood,0.76,Video Stream
2026-03-29 11:59:02,flood,0.76,Video Stream
2026-03-29 11:59:02,flood,0.76,Video Stream
2026-03-29 11:59:02,flood,0.75,Video Stream
2026-03-29 11:59:03,flood,0.75,Video Stream
2026-03-29 11:59:03,flood,0.75,Video Stream
2026-03-29 11:59:03,flood,0.74,Video Stream
2026-03-29 11:59:03,flood,0.75,Video Stream
2026-03-29 11:59:03,flood,0.76,Video Stream
2026-03-29 11:59:03,flood,0.75,Video Stream
2026-03-29 11:59:03,flood,0.75,Video Stream
2026-03-29 11:59:03,flood,0.74,Video Stream
2026-03-29 11:59:03,flood,0.73,Video Stream
2026-03-29 11:59:03,flood,0.70,Video Stream
2026-03-29 11:59:03,flood,0.72,Video Stream
2026-03-29 11:59:03,flood,0.71,Video Stream
2026-03-29 19:31:04,flood,0.92,Video Stream
2026-03-29 19:31:04,flood,0.93,Video Stream
2026-03-29 19:31:04,flood,0.93,Video Stream
2026-03-29 19:31:04,flood,0.93,Video Stream
2026-03-29 19:31:04,flood,0.93,Video Stream
2026-03-29 19:31:04,flood,0.93,Video Stream
2026-03-29 19:31:04,flood,0.93,Video Stream
2026-03-29 19:31:04,flood,0.93,Video Stream
2026-03-29 19:31:04,flood,0.93,Video Stream
2026-03-29 19:31:04,flood,0.92,Video Stream
2026-03-29 19:31:04,flood,0.92,Video Stream
2026-03-29 19:31:04,flood,0.92,Video Stream
2026-03-29 19:31:04,flood,0.93,Video Stream
2026-03-29 19:31:04,flood,0.92,Video Stream
2026-03-29 19:31:05,flood,0.92,Video Stream
2026-03-29 19:31:05,flood,0.92,Video Stream
2026-03-29 19:31:05,flood,0.92,Video Stream
2026-03-29 19:31:05,flood,0.92,Video Stream
2026-03-29 19:31:05,flood,0.92,Video Stream
2026-03-29 19:31:05,flood,0.91,Video Stream
2026-03-29 19:31:05,flood,0.90,Video Stream
2026-03-29 19:31:05,flood,0.90,Video Stream
2026-03-29 19:31:05,flood,0.91,Video Stream
2026-03-29 19:31:05,flood,0.90,Video Stream
2026-03-29 19:31:05,flood,0.91,Video Stream
2026-03-29 19:31:05,flood,0.90,Video Stream
2026-03-29 19:31:05,flood,0.90,Video Stream
2026-03-29 19:31:05,flood,0.90,Video Stream
2026-03-29 19:31:05,flood,0.89,Video Stream
2026-03-29 19:31:05,flood,0.89,Video Stream
2026-03-29 19:31:05,flood,0.89,Video Stream
2026-03-29 19:31:05,flood,0.89,Video Stream
2026-03-29 19:31:05,flood,0.89,Video Stream
2026-03-29 19:31:05,flood,0.90,Video Stream
2026-03-29 19:31:05,flood,0.89,Video Stream
2026-03-29 19:31:05,flood,0.89,Video Stream
2026-03-29 19:31:05,flood,0.89,Video Stream
2026-03-29 19:31:05,flood,0.89,Video Stream
2026-03-29 19:31:05,flood,0.90,Video Stream
2026-03-29 19:31:05,flood,0.89,Video Stream
2026-03-29 19:31:05,flood,0.89,Video Stream
2026-03-29 19:31:05,flood,0.90,Video Stream
2026-03-29 19:31:05,flood,0.90,Video Stream
2026-03-29 19:31:05,flood,0.89,Video Stream
2026-03-29 19:31:05,flood,0.90,Video Stream
2026-03-29 19:31:05,flood,0.90,Video Stream
2026-03-29 19:31:05,flood,0.89,Video Stream
2026-03-29 19:31:05,flood,0.89,Video Stream
2026-03-29 19:31:05,flood,0.89,Video Stream
2026-03-29 19:31:05,flood,0.89,Video Stream
2026-03-29 19:31:05,flood,0.89,Video Stream
2026-03-29 19:31:05,flood,0.89,Video Stream
2026-03-29 19:31:05,flood,0.90,Video Stream
2026-03-29 19:31:05,flood,0.89,Video Stream
2026-03-29 19:31:05,flood,0.89,Video Stream
2026-03-29 19:31:05,flood,0.89,Video Stream
2026-03-29 19:31:05,flood,0.89,Video Stream
2026-03-29 19:31:05,flood,0.89,Video Stream
2026-03-29 19:31:05,flood,0.89,Video Stream
2026-03-29 19:31:05,flood,0.89,Video Stream
2026-03-29 19:31:05,flood,0.90,Video Stream
2026-03-29 19:31:05,flood,0.90,Video Stream
